"title","description"
"Airplane Sierra","A Touching Saga of a Hunter And a Butler who must Discover a Butler in A Jet Boat"
"Arizona Bang","A Brilliant Panorama of a Mad Scientist And a Mad Cow who must Meet a Pioneer in A Monastery"
"Dying Maker","A Intrepid Tale of a Boat And a Monkey who must Kill a Cat in California"
"Beauty Grease","A Fast-Paced Display of a Composer And a Moose who must Sink a Robot in An Abandoned Mine Shaft"
"Command Darling","A Awe-Inspiring Tale of a Forensic Psychologist And a Woman who must Challenge a Database Administrator in Ancient Japan"
"Double Wrath","A Thoughtful Yarn of a Womanizer And a Dog who must Challenge a Madman in The Gulf of Mexico"
"Element Freddy","A Awe-Inspiring Reflection of a Waitress And a Squirrel who must Kill a Mad Cow in A Jet Boat"
"Fargo Gandhi","A Thrilling Reflection of a Pastry Chef And a Crocodile who must Reach a Teacher in The Outback"
"Flamingos Connecticut","A Fast-Paced Reflection of a Composer And a Composer who must Meet a Cat in The Sahara Desert"
"Forever Candidate","A Unbelieveable Panorama of a Technical Writer And a Man who must Pursue a Frisbee in A U-Boat"
"Fugitive Maguire","A Taut Epistle of a Feminist And a Sumo Wrestler who must Battle a Crocodile in Australia"
"Fury Murder","A Lacklusture Reflection of a Boat And a Forensic Psychologist who must Fight a Waitress in A Monastery"
"Go Purple","A Fast-Paced Display of a Car And a Database Administrator who must Battle a Woman in A Baloon"
"Handicap Boondock","A Beautiful Display of a Pioneer And a Squirrel who must Vanquish a Sumo Wrestler in Soviet Georgia"
"Hawk Chill","A Action-Packed Drama of a Mad Scientist And a Composer who must Outgun a Car in Australia"
"Head Stranger","A Thoughtful Saga of a Hunter And a Crocodile who must Confront a Dog in The Gulf of Mexico"
"Hotel Happiness","A Thrilling Yarn of a Pastry Chef And a A Shark who must Challenge a Mad Scientist in The Outback"
"Hunchback Impossible","A Touching Yarn of a Frisbee And a Dentist who must Fight a Composer in Ancient Japan"
"Ice Crossing","A Fast-Paced Tale of a Butler And a Moose who must Overcome a Pioneer in A Manhattan Penthouse"
"Lesson Cleopatra","A Emotional Display of a Man And a Explorer who must Build a Boy in A Manhattan Penthouse"
"License Weekend","A Insightful Story of a Man And a Husband who must Overcome a Madman in A Monastery"
"Lies Treatment","A Fast-Paced Character Study of a Dentist And a Moose who must Defeat a Composer in The First Manned Space Station"
"Loser Hustler","A Stunning Drama of a Robot And a Feminist who must Outgun a Butler in Nigeria"
"Lust Lock","A Fanciful Panorama of a Hunter And a Dentist who must Meet a Secret Agent in The Sahara Desert"
"Magnolia Forrester","A Thoughtful Documentary of a Composer And a Explorer who must Conquer a Dentist in New Orleans"
"Monster Spartacus","A Fast-Paced Story of a Waitress And a Cat who must Fight a Girl in Australia"
"Rider Caddyshack","A Taut Reflection of a Monkey And a Womanizer who must Chase a Moose in Nigeria"
"Ridgemont Submarine","A Unbelieveable Drama of a Waitress And a Composer who must Sink a Mad Cow in Ancient Japan"
"Rock Instinct","A Astounding Character Study of a Robot And a Moose who must Overcome a Astronaut in Ancient India"
"Roman Punk","A Thoughtful Panorama of a Mad Cow And a Student who must Battle a Forensic Psychologist in Berlin"
"Sagebrush Clueless","A Insightful Story of a Lumberjack And a Hunter who must Kill a Boy in Ancient Japan"
"Saturday Lambs","A Thoughtful Reflection of a Mad Scientist And a Moose who must Kill a Husband in A Baloon"
"Seabiscuit Punk","A Insightful Saga of a Man And a Forensic Psychologist who must Discover a Mad Cow in A MySQL Convention"
"Side Ark","A Stunning Panorama of a Crocodile And a Womanizer who must Meet a Feminist in The Canadian Rockies"
"Storm Happiness","A Insightful Drama of a Feminist And a A Shark who must Vanquish a Boat in A Shark Tank"
"Streak Ridgemont","A Astounding Character Study of a Hunter And a Waitress who must Sink a Man in New Orleans"
"Sunset Racer","A Awe-Inspiring Reflection of a Astronaut And a A Shark who must Defeat a Forensic Psychologist in California"
"Thief Pelican","A Touching Documentary of a Madman And a Mad Scientist who must Outrace a Feminist in An Abandoned Mine Shaft"
"Ties Hunger","A Insightful Saga of a Astronaut And a Explorer who must Pursue a Mad Scientist in A U-Boat"
"Treasure Command","A Emotional Saga of a Car And a Madman who must Discover a Pioneer in California"
"Voyage Legally","A Epic Tale of a Squirrel And a Hunter who must Conquer a Boy in An Abandoned Mine Shaft"
"Watership Frontier","A Emotional Yarn of a Boat And a Crocodile who must Meet a Moose in Soviet Georgia"
"Zoolander Fiction","A Fateful Reflection of a Waitress And a Boat who must Discover a Sumo Wrestler in Ancient China"
